{
  "return_on_equity": 0.027000000000000003,
  "net_margin": 0.16040600000000002,
  "operating_margin": 0.187866,
  "revenue_growth": 0.017763,
  "earnings_growth": 0.311372,
  "book_value_growth": 0.128697,
  "current_ratio": 1.2535,
  "debt_to_equity": 0.6251950000000001,
  "free_cash_flow_per_share": 0.7121,
  "earnings_per_share": 0.2677,
  "pe_ratio": 5.62,
  "price_to_book": 0.95,
  "price_to_sales": 3.108230119320574
}