{
  "return_on_equity": 0.020099999999999996,
  "net_margin": 0.053827,
  "operating_margin": 0.056811,
  "revenue_growth": -0.036448999999999995,
  "earnings_growth": -0.022538,
  "book_value_growth": 0.054604999999999994,
  "current_ratio": 1.297,
  "debt_to_equity": 0.472457,
  "free_cash_flow_per_share": -0.1928,
  "earnings_per_share": 0.09,
  "pe_ratio": 16.56,
  "price_to_book": 1.33,
  "price_to_sales": 2.981952866290491
}