{
  "return_on_equity": 0.0097,
  "net_margin": 0.09495300000000001,
  "operating_margin": 0.123705,
  "revenue_growth": -0.036359,
  "earnings_growth": -0.455274,
  "book_value_growth": 0.013234,
  "current_ratio": 0.6668,
  "debt_to_equity": 0.635758,
  "free_cash_flow_per_share": 0.127,
  "earnings_per_share": 0.04,
  "pe_ratio": 25.64,
  "price_to_book": 0.99,
  "price_to_sales": 8.978611718636925
}