{
  "return_on_equity": 0.0541,
  "net_margin": 0.099703,
  "operating_margin": 0.118268,
  "revenue_growth": 0.204869,
  "earnings_growth": 0.410519,
  "book_value_growth": 0.314135,
  "current_ratio": 1.1358,
  "debt_to_equity": 0.6193569999999999,
  "free_cash_flow_per_share": 1.8695,
  "earnings_per_share": 1.63,
  "pe_ratio": 11.06,
  "price_to_book": 2.68,
  "price_to_sales": 4.2783396990764215
}