{
  "return_on_equity": 0.033,
  "net_margin": 0.11888,
  "operating_margin": 0.137315,
  "revenue_growth": 0.19176300000000002,
  "earnings_growth": 0.541493,
  "book_value_growth": 0.074886,
  "current_ratio": 1.6492,
  "debt_to_equity": 0.506342,
  "free_cash_flow_per_share": 0.5207,
  "earnings_per_share": 0.2921,
  "pe_ratio": 15.45,
  "price_to_book": 2.13,
  "price_to_sales": 7.21163419399032
}