{
  "return_on_equity": 0.0098,
  "net_margin": 0.062065999999999996,
  "operating_margin": 0.086234,
  "revenue_growth": 0.090923,
  "earnings_growth": -0.154252,
  "book_value_growth": 0.00492,
  "current_ratio": 1.6626,
  "debt_to_equity": 0.740554,
  "free_cash_flow_per_share": 0.1385,
  "earnings_per_share": 0.16,
  "pe_ratio": 12.5,
  "price_to_book": 0.5,
  "price_to_sales": 1.7976026497668613
}