{
  "return_on_equity": 0.015600000000000001,
  "net_margin": 0.057054,
  "operating_margin": 0.070084,
  "revenue_growth": 0.03877,
  "earnings_growth": 0.05931,
  "book_value_growth": 0.02949,
  "current_ratio": 0.6216,
  "debt_to_equity": 0.438879,
  "free_cash_flow_per_share": 0.251,
  "earnings_per_share": 0.083,
  "pe_ratio": 15.96,
  "price_to_book": 0.99,
  "price_to_sales": 1.6092953330227449
}