{
  "return_on_equity": 0.0217,
  "net_margin": 0.08046900000000001,
  "operating_margin": 0.084156,
  "revenue_growth": 0.038481,
  "earnings_growth": 2.150255,
  "book_value_growth": 0.073762,
  "current_ratio": 1.2571,
  "debt_to_equity": 0.687974,
  "free_cash_flow_per_share": -0.5987,
  "earnings_per_share": 0.252,
  "pe_ratio": 30.19,
  "price_to_book": 2.62,
  "price_to_sales": 8.58217630593442
}