{
  "return_on_equity": 0.039900000000000005,
  "net_margin": 0.260414,
  "operating_margin": 0.28949400000000003,
  "revenue_growth": 0.201429,
  "earnings_growth": 0.372181,
  "book_value_growth": 0.12041700000000001,
  "current_ratio": 10.6961,
  "debt_to_equity": 0.072973,
  "free_cash_flow_per_share": 0.087,
  "earnings_per_share": 0.3,
  "pe_ratio": 49.07,
  "price_to_book": 8.05,
  "price_to_sales": 51.04579934410274
}