{
  "return_on_equity": 0.031400000000000004,
  "net_margin": 0.078407,
  "operating_margin": 0.09324400000000001,
  "revenue_growth": -0.067008,
  "earnings_growth": -0.260013,
  "book_value_growth": 0.08556599999999999,
  "current_ratio": 0.6377,
  "debt_to_equity": 0.6614960000000001,
  "free_cash_flow_per_share": 0.1851,
  "earnings_per_share": 0.98,
  "pe_ratio": 13.87,
  "price_to_book": 1.78,
  "price_to_sales": 3.9702608378350788
}