{
  "return_on_equity": -0.055999999999999994,
  "net_margin": -0.19098400000000001,
  "operating_margin": -0.210415,
  "revenue_growth": -0.18584299999999998,
  "earnings_growth": NaN,
  "book_value_growth": -0.207503,
  "current_ratio": 1.321,
  "debt_to_equity": 0.7225090000000001,
  "free_cash_flow_per_share": -0.3235,
  "earnings_per_share": -0.5759,
  "pe_ratio": -6.91,
  "price_to_book": 1.61,
  "price_to_sales": 4.495373979337131
}