{
  "return_on_equity": 0.013600000000000001,
  "net_margin": 0.07805,
  "operating_margin": 0.092151,
  "revenue_growth": 0.155419,
  "earnings_growth": 0.148953,
  "book_value_growth": 0.053621,
  "current_ratio": 2.0554,
  "debt_to_equity": 0.40320900000000004,
  "free_cash_flow_per_share": -0.0357,
  "earnings_per_share": 0.09,
  "pe_ratio": 66.13,
  "price_to_book": 3.59,
  "price_to_sales": 20.226703435520566
}