{
  "return_on_equity": 0.1039,
  "net_margin": 0.548895,
  "operating_margin": 0.731935,
  "revenue_growth": 0.105415,
  "earnings_growth": 0.11623900000000001,
  "book_value_growth": 0.07907700000000001,
  "current_ratio": 6.0749,
  "debt_to_equity": 0.14143,
  "free_cash_flow_per_share": 7.0126,
  "earnings_per_share": 21.38,
  "pe_ratio": 17.19,
  "price_to_book": 7.15,
  "price_to_sales": 35.89471419890662
}