{
  "return_on_equity": 0.0836,
  "net_margin": 0.15013400000000002,
  "operating_margin": 0.17423100000000002,
  "revenue_growth": 0.014644999999999998,
  "earnings_growth": -0.169559,
  "book_value_growth": -0.009319,
  "current_ratio": 0.801,
  "debt_to_equity": 0.597606,
  "free_cash_flow_per_share": 0.1489,
  "earnings_per_share": 0.77,
  "pe_ratio": 9.14,
  "price_to_book": 3.52,
  "price_to_sales": 5.394659754676056
}