{
  "return_on_equity": 0.17309999999999998,
  "net_margin": 0.40281599999999995,
  "operating_margin": 0.538683,
  "revenue_growth": 0.077229,
  "earnings_growth": 0.062093999999999996,
  "book_value_growth": 0.124867,
  "current_ratio": 2.746,
  "debt_to_equity": 0.30747,
  "free_cash_flow_per_share": 5.7596,
  "earnings_per_share": 5.45,
  "pe_ratio": 7.99,
  "price_to_book": 5.53,
  "price_to_sales": 12.857781713137205
}