{
  "return_on_equity": 0.024,
  "net_margin": 0.31092400000000003,
  "operating_margin": 0.371603,
  "revenue_growth": 0.087871,
  "earnings_growth": 0.297891,
  "book_value_growth": 0.050275999999999994,
  "current_ratio": 0.0849,
  "debt_to_equity": 0.596492,
  "free_cash_flow_per_share": 0.4842,
  "earnings_per_share": 0.2117,
  "pe_ratio": 35.63,
  "price_to_book": 3.42,
  "price_to_sales": 43.39926505358543
}