{
  "return_on_equity": 0.022000000000000002,
  "net_margin": 0.116128,
  "operating_margin": 0.147922,
  "revenue_growth": 0.000201,
  "earnings_growth": 0.033784,
  "book_value_growth": 0.03948,
  "current_ratio": 0.9292,
  "debt_to_equity": 0.332716,
  "free_cash_flow_per_share": 1.4509,
  "earnings_per_share": 1.42,
  "pe_ratio": 19.72,
  "price_to_book": 1.74,
  "price_to_sales": 9.158240445298757
}