{
  "return_on_equity": 0.0005,
  "net_margin": 0.001977,
  "operating_margin": -0.013705,
  "revenue_growth": 0.7175320000000001,
  "earnings_growth": NaN,
  "book_value_growth": -0.047788000000000004,
  "current_ratio": 7.0338,
  "debt_to_equity": 0.082213,
  "free_cash_flow_per_share": -0.2648,
  "earnings_per_share": 0.01,
  "pe_ratio": 4160.86,
  "price_to_book": 8.3,
  "price_to_sales": 88.60023191930371
}